{
    "name": "showCharLimit",
    "title": "Show Char Limit",
    "description": "jQuery plugin decorating a text input or textarea with a counter or count-down counter of user input.",
    "keywords": [
        "form",
        "input",
        "twitter",
        "UX",
        "UI",
        "widget"
    ],
    "version": "1.2.0",
    "author": {
        "name": "Andrew J. Peterson",
        "url": "http://ndpsoftware.com"
    },
    "maintainers": [
        {
            "name": "Andrew Peterson",
            "email": "andy@ndpsoftware.com",
            "url": "http://ndpsoftware.com"
        }
    ],
    "licenses": [
        {
            "type": "Apache 2.0",
            "url": "https://github.com/ndp/show_char_limit/blob/1.2.0/LICENSE.txt"
        }
    ],
    "bugs": "https://github.com/ndp/show_char_limit/issues",
    "homepage": "https://github.com/ndp/show_char_limit",
    "docs": "https://github.com/ndp/show_char_limit",
    "dependencies": {
        "jquery": ">=1.5"
    }
}